branch_name,address,map_link
CO.OPMART CỐNG QUỲNH,"189C  Cống Quỳnh, Phường Nguyễn Cư Trinh, Quận 1",https://maps.app.goo.gl/seAwusqkxfmjgzRS9
CO.OPMART BÌNH TRIỆU,"68/1 Quốc Lộ 13, Phường Hiệp Bình Chánh, Thành Phố Thủ Đức",https://maps.app.goo.gl/hDkYbGM4UX5K6gD96
CO.OPMART VŨNG TÀU,"36 Nguyễn Thái Học, Phường 7, Tp. Vũng Tàu, Tỉnh Bà Rịa Vũng Tàu",https://maps.app.goo.gl/DR9VtNZCrNw4djch8
CO.OPMART BÀ RỊA,"Số 6, Nguyễn Hữu Thọ, Khu Phố 2, Phường Phước Trung, Tp. Bà Rịa, Tỉnh Bà Rịa - Vũng Tàu",https://maps.app.goo.gl/Tu7Kv5qXy3BVf7TA8
CO.OPMART BIÊN HÒA,"121  Phạm Văn Thuận, Phường Tân Tiến, Biên Hòa, Đồng Nai",https://maps.app.goo.gl/SNuvMhnCh2Zg5GiPA
CO.OPMART BÌNH DƯƠNG,"Đường 30/4, Phường Chánh Nghĩa , Tx. Thủ Dầu Một, Tỉnh Bình Dương",https://maps.app.goo.gl/1nM4AR2yhZGy6SfM9
CO.OPMART BÌNH DƯƠNG 2,"Đường Phú Lợi, Phường Phú Lợi, Tx. Thủ Dầu Một, Tỉnh Bình Dương",https://maps.app.goo.gl/ehnBkpAW77NSzyiZA
CO.OPMART ĐỒNG XOÀI,"Khu TTTM, Đường Phú Riềng Đỏ,  Phường Tân Bình, Tx. Đồng Xoài, Tỉnh Bình Phước",https://maps.app.goo.gl/f9Dd4o2utcj7bvaG7
CO.OPMART CHÂU THÀNH,"Đường 781, Khu Phố 3, Thị Trấn Châu Thành, Huyện Châu Thành, Tây Ninh",https://maps.app.goo.gl/FtiYm6ua1oxaoJus6
CO.OPMART ĐỒNG PHÚ,"Đường CMT8 - Đt.741, Khu Phô Tân An, Thị Trấn Tân Phú, Huyện Đồng Phú, Tỉnh Bình Phước",https://maps.app.goo.gl/CM4WDDfm7WFadA776
Liên hiệp Hợp tác xã Thương Mại TP.HCM,"199 - 205 Nguyễn Thái Học, Phường Phạm Ngũ Lão, Quận 1, TPHCM",https://maps.app.goo.gl/DBBh7FjMxCVwsJLNA
CO.OPMART DƯƠNG MINH CHÂU,"Khu Phố 1, Thị Trấn Dương Minh Châu, Huyện Dương Minh Châu, Tỉnh Tây Ninh",https://maps.app.goo.gl/HtnutnHLA7CYwaX3A
CO.OPMART GÒ DẦU,"Quốc Lộ 22B, Khu Phố Rạch Sơn, Thị Trấn Gò Dầu, Huyện Gò Dầu, Tỉnh Tây Ninh",https://maps.app.goo.gl/2iscnCMJxLaFqR326
CO.OPMART LAGI,"Đường Thống Nhất, Khu Phố 4, Phường Tân Thiện, Tx. La Gi, Tỉnh Bình Thuận",https://maps.app.goo.gl/5oSx25G49BddePdh6
CO.OPMART PHAN RÍ CỬA,"Khu Phố Minh Tân, Thị Trấn Phan Rí Cửa, Huyện Tuy Phong, Tỉnh Bình Thuận",https://maps.app.goo.gl/vLhaGDtVnEo9RmxZ6
CO.OPMART PHAN THIẾT,"1A Nguyễn Tất Thành, Phường Bình Hưng, Tp.Phan Thiết, Tỉnh Bình Thuận",https://maps.app.goo.gl/mbVbpkq2XNdPZFN18
CO.OPMART PHƯỚC ĐÔNG,"KCN Phước Đông, Xã Phước Đông, Huyện Gò Dầu, Tỉnh Tây Ninh",https://maps.app.goo.gl/CBdmDJPXfUPJHFq47
CO.OPMART  SCA TÂY NINH,"217-219 Đường 30/4, Phường 2, Thành Phố Tây Ninh, Tỉnh Tây Ninh",https://maps.app.goo.gl/NwB2iNCx9DP134dK9
CO.OPMART TÂN BIÊN,"Khu Phố 3, Nguyễn Văn Linh, TT Tân Biên, Tây Ninh",https://maps.app.goo.gl/13Y2gsHiQxaimsP59
CO.OPMART TÂN CHÂU,"Lê Duẩn, Kp 2, Thị Trấn Tân Châu, Huyện Tân Châu, Tây Ninh",https://maps.app.goo.gl/ffZDagX3USeqhr6v6
CO.OPMART TÂN THÀNH,"Quốc Lộ 51, Tổ 12 Khu Phố Tân Phú, Phường Phú Mỹ, Thị Xã Phú Mỹ, Tỉnh Bà Rịa - Vũng Tàu",https://maps.app.goo.gl/NX6fVw6boE6xSfL57
CO.OPMART TÂY NINH,"576  Cách Mạng  Tháng 8, Phường 3, Tx. Tây Ninh, Tỉnh Tây Ninh",https://maps.app.goo.gl/GNorMKbAPYYnzEPe6
CO.OP MART TRẢNG BÀNG,"Khu Phố Lộc An,Phường Trảng Bàng,Thị Xã Trảng Bàng, Tỉnh Tây Ninh",https://maps.app.goo.gl/ZDRHCLR4JLjhv5LX7
CO.OPMART CẦN GIỜ,"128 Đào Cử, Khu Phố Phong Thạnh, Thị Trấn Cần Giờ, Huyện Cần Giờ",https://maps.app.goo.gl/LMb7hNdtRXotpCUZ8
CO.OPMART CHU VĂN AN,"241A Chu Văn An, Phường 12, Quận Bình Thạnh",https://maps.app.goo.gl/9z4tAoCbiqu7HFhQ9
CO.OPMART HẬU GIANG,"188 Hậu Giang, Phường 6, Quận 6",https://maps.app.goo.gl/7mzjPwwdem7H7PvL8
CO.OPMART HOÀ BÌNH,"175 Hòa Bình, Phường Hiệp Tân, Quận Tân Phú",https://maps.app.goo.gl/Gh9oL8AG1gHVrFWj6
CO.OPMART HÙNG VƯƠNG,"96 Hùng Vương, Phường 9, Quận 5",https://maps.app.goo.gl/JSTQWB54MFPdUJXd7
CO.OPMART HUỲNH TẤN PHÁT,"1362 Đường Huỳnh Tấn Phát, Khu Phố 1, Phường Phú Mỹ, Quận 7",https://maps.app.goo.gl/31BfkvjrUwEnTix68
CO.OPMART NGUYỄN BÌNH,"18 Nguyễn Bình, Phường Phú Xuân, Huyện Nhà Bè",https://maps.app.goo.gl/75CSvwskZZD9sVpt5
CO.OPMART PHÚ LÂM,"06 Bà Hom, Quận 6",https://maps.app.goo.gl/kZ3X2Aaa3YjcTG8m6
CO.OPMART PHÚ THỌ,"Lô1 - Lô2 , Khu A Chung Cư Phú Thọ, Phường 15, Quận 11",https://maps.app.goo.gl/fgiLryeSLrMpvuRd6
CO.OPMART SCA CAO THẮNG,"181 Cao Thắng Phường 12 , Quận 10",https://maps.app.goo.gl/G2xPACiFeV6reY1XA
CO.OPMART SCA HOÀNG VĂN THỤ,"Số 431A Đường Hoàng Văn Thụ, Phường 4, Quận Tân Bình",https://maps.app.goo.gl/YAeJxDasGxFfdwTt6
CO.OPMART TAM BÌNH,"0.01 Khu Chung Cư Cao Tầng Kết Hợp Tm-Dv Tại Lô Bc, Đường 4, K.P4, Phường Tam Bình, Thành Phố Thủ Đức",https://maps.app.goo.gl/TLV8Xknqg2pXtcnK9
CO.OPMART TUY LÝ VƯƠNG,"40 - 54  Tuy Lý Vương, Phường 13, Quận 8",https://maps.app.goo.gl/PPEymXxDJNKDqmnB9
CO.OPMART VĂN THÁNH,"561A Điện Biên Phủ, Phường 25, Quận Bình Thạnh",https://maps.app.goo.gl/a5rBBMJFniYDywsB9
CO.OPMART XA LỘ HÀ NỘI,"191 Quang Trung, Phuờng Hiệp Phú, Quận Thủ Đức",https://maps.app.goo.gl/Mr9RScoVsxoWYrdo8
CO.OPMART PHẠM THẾ HIỂN,"2225 Phạm Thế Hiển, Phường 6, Quận 8, Hồ Chí Minh",https://maps.app.goo.gl/ECN46dP6dthrH3uD6
CO.OPMART BÌNH TÂN,"TTTM Kiến Thành, Số 158 Đường 19, Phường Bình Trị Đông B, Quận Bình Tân",https://maps.app.goo.gl/MdX3kFu2FuXX8ScL6
CO.OPMART BÌNH TÂN 2,"819 Hương Lộ 2, Phường Bình Trị Đông A, Quận Bình Tân",https://maps.app.goo.gl/b9wSpYQcFwc7CCCC9
CO.OPMART CỦ CHI,"357 Quốc Lộ 22, Ấp Thượng, Xã Tân Thông Hội, Huyện Củ Chi",https://maps.app.goo.gl/ay4neQGpAYR32DkJA
CO.OPMART ĐỖ VĂN DẬY,"18 Đỗ Văn Dậy, Ấp Tân Thới 1, Xã Tân Hiệp, Huyện Hóc Môn",https://maps.app.goo.gl/q4cUYxVsa4GJ8V558
CO.OPMART QUANG TRUNG (FOODCOSA),"340A Quang Trung, Phường 11, Quận Gò Vấp",https://maps.app.goo.gl/4L6Srj82czYgcTvk7
CO.OPMART HIỆP THÀNH,"276 Nguyễn Ảnh Thủ, Phường Hiệp Thành, Quận 12",https://maps.app.goo.gl/ttcBD1SCqJLofALV8
CO.OPMART HÓC MÔN,"Số 380 Đường Đặng Thúc Vịnh, Xã Thới Tam Thôn, Huyện Hóc Môn",https://maps.app.goo.gl/1nghdXtBhw6ih5w8A
CO.OPMART LÝ THƯỜNG KIỆT,"497 Hòa Hảo, Phường 7, Quận 10",https://maps.app.goo.gl/JLrJKqDE7xRXF7u4A
CO.OPMART NGUYỄN ẢNH THỦ,"167/2  Nguyễn Ảnh Thủ, Phường Trung Mỹ Tây, Quận 12",https://maps.app.goo.gl/ZyyPAtqy3ubWGdVt9
CO.OPMART NGUYỄN ĐÌNH CHIỂU,"168 Nguyễn Đình Chiểu, Phường Võ Thị Sáu, Quận 3",https://maps.app.goo.gl/CPvPfgpqtMDqWdQv8
CO.OPMART NGUYỄN KIỆM,"571 - 573 Nguyễn Kiệm, Phường 9, Quận Phú Nhuận",https://maps.app.goo.gl/SWwZAzZRCAwcpRtDA
CO.OPMART NHIÊU LỘC,"Cao Ốc Screc, Đường Trường Sa, Phường 12, Quận 3",https://maps.app.goo.gl/fi17Eib1XG6A8HnCA
CO.OPMART PHAN VĂN HỚN,"102 Đường Phan Văn Hớn, Phường Tân Thới Nhất, Quận 12",https://maps.app.goo.gl/1eRx3Trv3vqrwQCo6
CO.OPMART PHAN VĂN TRỊ,"543/1 Phan Văn Trị, Phường 7, Quận Gò Vấp",https://maps.app.goo.gl/p1DMj8Y8EdV9W3ip8
CO.OPMART RẠCH MIỄU,"48 Hoa Sứ, Phường 7, Quận Phú Nhuận",https://maps.app.goo.gl/w44qUU1NZBoX7aiZA
CO.OPMART THẮNG LỢI,"02 Trường Chinh, Phường Tây Thạnh, Quận Tân Phú, Thành Phố Hồ Chí Minh",https://maps.app.goo.gl/NjsBVw34yBuzKq8y6
CO.OPMART TÔ KÝ,"Số 557 Đường Tô Ký, Phường Trung Mỹ Tây, Quận 12",https://maps.app.goo.gl/rZAznEtq8QkEFskx5
CO.OPMART VĨNH LỘC B,"02 Khu Tái Định Cư Vĩnh Lộc B, Đường Số 8, Vĩnh Lộc B, Huyện Bình Chánh",https://maps.app.goo.gl/5bgyA4w871jBW85b9
CO.OP BẮC GIANG,"51 Nguyễn Văn Cừ, Phường Ngô Quyền, Tp. Bắc Giang, Tỉnh Bắc Giang",https://maps.app.goo.gl/4GaWdAez3c9q7QTe7
CO.OP HÀ ĐÔNG,"Tầng 1, Tòa Nhà Ct6 Xa La, Số 339 Quốc Lộ 70B, Cầu Bươu, Phường Kiến Hưng, Quận Hà Đông, Thành Phố Hà Nội",https://maps.app.goo.gl/eWPdMcDYfYCTKscC7
CO.OP HÀ NỘI,"Km Số 10, Đường Nguyễn Trãi, Phường Mộ Lao, Quận Hà Đông, Tp. Hà Nội",https://maps.app.goo.gl/eJSoibYij5omwftx8
CO.OPMART HÀ TĨNH,"02 Phan Đình Phùng, Thành Phố Hà Tĩnh, Tỉnh Hà Tĩnh",https://maps.app.goo.gl/9EU9guo3rYp7Q3QH9
CO.OPMART HẢI PHÒNG,"TTTM Cát Bi Plaza, 01 Lê Hồng Phong, Quận Ngô QuyềN, TP. Hải Phòng",https://maps.app.goo.gl/LQCZ4ShmntbVLEDL8
CO.OPMART SCA GOLDENSILK,"Tầng Hầm, Tòa Tháp C, Khu Đô Thị Mới Kim Văn Kim Lũ, Phường Đại Kim, Quận Hoàng Mai",https://maps.app.goo.gl/wnG76m9xXvsULaVu6
CO.OPMART SCA GOLDSILK,"Tầng Trệt Khu Phức Hợp Thương Mại Nhà Ở Goldsilk, Số 430, Phố Cầu Am Phường Vạn Phúc, Quận Hà Đông",https://maps.app.goo.gl/hXMpJYMrxofe5ia5A
CO.OPMART SCA LONG BIÊN,"Tầng 2,  Trung Tâm Thương Mại Mipec Riverside, Số 2,  Phố Long Biên Ii,  Phường Ngọc Lâm, Quận Long Biên",https://maps.app.goo.gl/zWDWvrDcbWBKMQmb6
CO.OPMART SCA VICTORIA,"Tầng Trệt Tòa Nhà V2, V3 - Văn Phú Victoria - Ct9, Khu Đô Thị Mới Văn Phú, Phường Phú La,  Quận Hà Đông",https://maps.app.goo.gl/A627Htwy4sNgyb7HA
CO.OPMART THANH HÓA,"TTTM Hiền Đức, Đường Phan Chu Trinh, Phường Điện Biên, Tp. Thanh Hóa",https://maps.app.goo.gl/4NfvEqQimFvwGjS5A
CO.OPMART VIỆT TRÌ,"1606A Đường Hùng Vương, Phường Gia Cẩm, Thành Phố Việt Trì, Tỉnh Phú Thọ",https://maps.app.goo.gl/VZ9aaJvRbfHRx4Pg8
CO.OPMART VĨNH PHÚC,"TTTM Soiva Plaza, Đường Mê Linh, Phường Khải Quang, Tp. Vĩnh Yên, Tỉnh Vĩnh Phúc",https://maps.app.goo.gl/ZiDrNV7dBa5quhCq8
CO.OPMART BẾN LỨC,"61 Quốc Lộ 1A, Khu Phố 4, Thị Trấn Bến Lức, Huyện Bến Lức, Tỉnh Long An",https://maps.app.goo.gl/Yr2tnwmD8a9p3V7b9
CO.OPMART BẾN TRE,"26A Trần Quốc Tuấn, Phường 4, Tp. Bến Tre, Tỉnh Bến Tre",https://maps.app.goo.gl/VV5mdkNAjyxXsxGJ8
CO.OPMART CAI LẬY,"Số 79 Đường 30/4, Khu Phố 2, Phường 1, Thị Xã Cai Lậy, Tỉnh Tiền Giang",https://maps.app.goo.gl/HwRE4ct2uUBTJYrJA
CO.OPMART CẦN GIUỘC,"Tuyến Tránh Ql50, Khu Phố Thanh Ba, Thị Trấn Cần Giuộc, Huyện Cần Giuộc, Tỉnh Long An",https://maps.app.goo.gl/ktTv5o2tdL8XEihb8
CO.OPMART CAO LÃNH,"01 Ngô Thời Nhậm, Phường 1, Tp. Cao Lãnh, Tỉnh Đồng Tháp",https://maps.app.goo.gl/8h8FbQBCCPi6Vpku6
CO.OPMART DUYÊN HẢI,"Đường Lý Thường Kiệt, Phường 1, Thị Xã Duyên Hải, Tỉnh Trà Vinh",https://maps.app.goo.gl/8u7ErpHxVnhxhymeA
CO.OPMART GÒ CÔNG,"Đường Trần Công Tường, Phường 5, Tx. Gò Công, Tỉnh Tiền Giang",https://maps.app.goo.gl/FzVAiGTSwZNMTbvF8
CO.OPMART HỒNG NGỰ,"Khu Nhà Cao Ốc Kii, Phường An Thạnh, Thành Phố Hồng Ngự, Tỉnh Đồng Tháp",https://maps.app.goo.gl/xgSaC2xe6vhF3FcH8
CO.OPMART TÂN AN,"01 Mai Thị Tốt, Khu Chợ Mới, Phường 2, Tp. Tân An, Tỉnh Long An",https://maps.app.goo.gl/dZR4NveBqgH7zAEe6
CO.OPMART MỸ THO,"35 Ấp Bắc, Phường  5, Thành Phố Mỹ Tho, Tỉnh Tiền Giang",https://maps.app.goo.gl/9f7c57gYRDJn19tc7
CO.OPMART SA ĐÉC,"371 Đường Nguyễn Sinh Sắc, Khóm 2, Phường 2, Thành Phố Sa Đéc, Tỉnh Đồng Tháp",https://maps.app.goo.gl/LBcqaWHJ1mRHsCXZ8
CO.OP TIỂU CẦN,"Khóm 2, Thị Trấn Tiểu Cần, Huyện Tiểu Cần, Tỉnh Trà Vinh",https://maps.app.goo.gl/jyvo2H9zRkjKZ9QE7
CO.OPMART THÁP MƯỜI,"Đường Hùng Vương, Thị Trấn Mỹ An, Huyện Tháp Mười, Tỉnh Đồng Tháp",https://maps.app.goo.gl/smgVdLHoFyDXxZPu8
CO.OPMART CÁI BÈ,"Khu 2, Thị Trấn Cái Bè, Huyện Cái Bè, Tỉnh Tiền Giang",https://maps.app.goo.gl/Rm4Cipu8QdxeZrMU7
CO.OPMART TRÀ VINH,"Nguyễn Đáng, Khóm 3, Phường 6, Tp. Trà Vinh, Tỉnh Trà Vinh",https://maps.app.goo.gl/hSEHreu9C9cuSQWMA
CO.OPMART VĨNH LONG,"26 Đường 3/2, Phường 1, Thị Xã Vĩnh Long, Tỉnh Vĩnh Long",https://maps.app.goo.gl/HcjxpwFcX8UvLKTG9
CO.OPMART BẠC LIÊU,07 Trần Huỳnh - Phường 7 -  Thành Phố Bạc Liêu - Tỉnh Bạc Liêu,https://maps.app.goo.gl/PGJfwuox2t2VWaCA8
CO.OPMART BÌNH THỦY,"35-37 Cmt8, P. An Thới, Q. Bình Thủy, Tp. Cần Thơ",https://maps.app.goo.gl/oByoNCfzMQByhfsc9
CO.OPMART CHỢ MỚI,"Đường Tỉnh 942, Ấp Long Hòa, Thị Trấn Chợ Mới, Huyện Chợ Mới, Tỉnh An Giang",https://maps.app.goo.gl/tfKhWNvZPVzgYckK9
CO.OPMART CÀ MAU,09 Trần Hưng Đạo - Phường 5 - Thành Phố Cà Mau - Tỉnh Cà Mau,https://maps.app.goo.gl/x21tYXEStfJAavCw6
CO.OPMART CẦN THƠ,01 Đại Lộ Hòa Bình - Phường Tân An - Quận Ninh Kiều - Thành Phố Cần Thơ,https://maps.app.goo.gl/LJBqu1dvVJfrz53G8
CO.OPMART CHÂU ĐỐC,"Tổ 21 Khóm Châu Quới, Phường Châu Phú B, Thành Phố Châu Đốc, Tỉnh An Giang",https://maps.app.goo.gl/13LtyqfewhmMJeFS8
CO.OPMART HÀ TIÊN,"Số 20, Đường Mạc Công Du, Khu Phố 2, Phường Đông Hồ, Thành Phố Hà Tiên, Tỉnh Kiên Giang",https://maps.app.goo.gl/MXAGLdc6mWGEC2LSA
CO.OPMART  KIÊN GIANG,1332 Nguyễn Trung Trực - Phường An Bình - Tp. Rạch Giá - Tỉnh Kiên Giang,https://maps.app.goo.gl/iFzTJ14VLivrzNfx7
CO.OPMART LONG XUYÊN,12 Nguyễn Huệ  -  Phường Mỹ Long - Tp.Long Xuyên - Tỉnh An Giang,https://maps.app.goo.gl/LGX6NnRozB6G9zVM7
CO.OPMART NGÃ BẢY HẬU GIANG,Khu Vực 3 - Phường Ngã Bảy – Tx. Ngã Bảy - Tỉnh Hậu Giang,https://maps.app.goo.gl/YGc7c63CV3kDVFVv5
CO.OPMART RẠCH GIÁ,Khu Tttm Th Phường Vĩnh Thanh Vân - Tp. Rạch Giá - Tỉnh Kiên Giang,https://maps.app.goo.gl/j3MBZQ8mWTE8ur2J6
CO.OPMART SÓC TRĂNG,Số 6 Hùng Vương - Khóm 6 – Phường 6 - Tp. Sóc Trăng - Tỉnh Sóc Trăng,https://maps.app.goo.gl/VvTpXHatJCRdKrp96
CO.OPMART  TÂN CHÂU (AG),"Khóm Long Thạnh D, Phường Long Thạnh, Thị Xã Tân Châu, Tỉnh An Giang",https://maps.app.goo.gl/uYc7s8HKoz5mAWcA7
CO.OPMART THOẠI SƠN,"Ấp Bắc Sơn, Đường Tránh Tỉnh Lộ 943, Tt. Núi Sập. H. Thoại Sơn, Tỉnh An Giang",https://maps.app.goo.gl/a6oR6GeQnFaBR8C27
CO.OPMART THỐT NỐT,"Quốc Lộ 91, Khu Vực Phụng Thạnh 1, Phường Thốt Nốt, Quận Thốt Nốt, Tp. Cần Thơ",https://maps.app.goo.gl/8BxwrUjJXzN3oRf1A
CO.OPMART VỊ THANH,319 Trần Hưng Đạo - Phường 1 - Thành Phố Vị Thanh - Tỉnh Hậu Giang,https://maps.app.goo.gl/AjcDTFJ1m2mGHyMV8
CO.OPMART AN NHƠN,Tttm Hoàng Vũ Plaza – Quốc Lộ 1A – Tx. An Nhơn – Tỉnh Bình Định,https://maps.app.goo.gl/QoLwvA3ytDkgJjYy8
CO.OPMART CAM RANH,02 Đại Lộ Hùng Vương – Phường Cam Lộc - Tx. Cam Ranh - Tỉnh Khánh Hòa,https://maps.app.goo.gl/6PvBFEAKYMTSUFEC9
CO.OPMART  ĐÀ NẴNG,478 Điện Biên Phủ - Quận Thanh Khê - Thành Phố Đà Nẵng,https://maps.app.goo.gl/tNPix6tcuFYkWsi16
CO.OPMART ĐỨC PHỔ,"Đường Nguyễn Nghiêm, Thôn Vĩnh Bình, Xã Phổ Ninh, Huyện Đức Phổ, Tỉnh Quảng Ngãi",https://maps.app.goo.gl/6n5uBDoRNRcyVw7X8
CO.OPMART HUẾ,Tttm Trường Tiền Plaza - Số 6 Trần Hưng Đạo - Tp. Huế - Tỉnh Thừa Thiên Huế,https://maps.app.goo.gl/cvyHpa2b1WWH4NyQ7
CO.OPMART NHA TRANG,02 Lê Hồng Phong - Phường Phước Hải – Tp. Nha Trang – Tỉnh Khánh Hòa,https://maps.app.goo.gl/CdxA8weLGErEh33T8
CO.OPMART  QUẢNG BÌNH,"Số 7 Đường  23-8, Phường Đồng Phú, Tp Đồng Hới, Tỉnh Quảng Bình",https://maps.app.goo.gl/H1qUf3oTgnCE8yES7
CO.OPMART QUẢNG NGÃI,Hẻm 242 Nguyễn Nghiêm - Tổ 6 - Phường Nguyễn Nghiêm - Tp. Quảng Ngãi,https://maps.app.goo.gl/H2xL69FGr3TUsffW8
CO.OPMART  QUẢNG TRỊ,02 Trần Hưng Đạo - Phường 1 - Thành Phố Đông Hà - Tỉnh Quảng Trị,https://maps.app.goo.gl/QeHzKwoq527kqMhv7
CO.OPMART QUY NHƠN,07 Lê Duẩn - Thành Phố Quy Nhơn - Tỉnh Bình Định,https://maps.app.goo.gl/7G9tDC5tmpVhwpKNA
CO.OPMART SƠN TRÀ,"Lô C2, Khu Công Nghiệp Dịch Vụ Thủy Sản Đà Nẵng, Đường Bình Than, Phường Nại Hiên Đông, Quận Sơn Trà, Tp Đà Nẵng",https://maps.app.goo.gl/wDPfUZcQRRHhXFje9
CO.OPMART TAM KỲ,07 Phan Chu Trinh - Thành Phố Tam Kỳ - Tỉnh  Quảng Nam,https://maps.app.goo.gl/8Cg5MjCboc6zbvGw7
CO.OPMART  PHAN RANG,Tttm Chợ Thanh Hà – Đường Trần  Phu  -  Phường Phủ  Hà  - Tp.  Phan  Rang  - Tháp  Chàm  - Tỉnh  Ninh  Thuận,https://maps.app.goo.gl/iTmUTJbNpar6GVif6
CO.OPMART  TUY HÒA,Ô Phố 8B - Khu Dân Dụng Duy Tân - Phường 4 - Tp. Tuy Hòa – Tỉnh Phú Yên,https://maps.app.goo.gl/Uw7S6awFfCX9zTM89
CO.OPMART BẢO LỘC,Tháp Nước - Đường Trần Phú - Phường 2 – Tp. Bảo Lộc - Tỉnh Lâm Đồng,https://maps.app.goo.gl/uNQC3UkzXvrKxuMs8
CO.OPMART BUÔN HỒ,"464 Hùng Vương, Phường An Bình, Thị Xã Buôn Hồ, Tỉnh Đắk Lắk",https://maps.app.goo.gl/S7ZiKceB4gTfuKBh9
CO.OPMART  BUÔN MA THUỘT,71 Nguyễn Tất Thành - Phường Tân An - Tp. Buôn Ma Thuột - Tỉnh Đắk Lắk,https://maps.app.goo.gl/HXaQb6Sbd145Nuvb7
CO.OPMART CHƯ SÊ,"912, Hùng Vương, Tdp4, Tt Chư Sê, Huyện Chư Sê, Tỉnh Gia Lai",https://maps.app.goo.gl/k7Js9JzuD8CZWdGU9
CO.OPMART CƯMGAR,"Thửa Đất 11, Tờ Bản Đồ Số 31, Tổ Dân Phố 2 Đường Hùng Vương, Thị Trấn Quảng Phú, Huyện Cư M'Gar, Tỉnh Đắk Lắk",https://maps.app.goo.gl/Nn7ai8JxA9Ygjvq77
CO.OPMART ĐAKNONG,Đường Huỳnh Thúc Kháng – Tổ Dân Phố 1 – Phường Nghĩa Thành – Tp. Gia Nghĩa – T. Đắk Nông,https://maps.app.goo.gl/29xJ3EaseZ1mLWBt7
CO.OPMART KON TUM,"205 B Lê Hồng Phong, P.Quyết Thắng, Tp Kon Tum, Tỉnh Kon Tum",https://maps.app.goo.gl/LTs2CsKE7v1d6EkFA
CO.OPMART  PLEIKU,21 Cách Mạng Tháng 8 - Phường Hoa Lư - Thành Phố Pleiku - Tỉnh Gia Lai,https://maps.app.goo.gl/Wvrb37FtXdme8wYR9
